{"schema_strategie_0":{"id":"Schema_5edf8a99cf2ba","titre_schema":"Pas de nom fourni","joueuse_1":"matrix(1 0 0 1 313 249)","joueuse_2":"matrix(1 0 0 1 99 103)","joueuse_3":"matrix(1 0 0 1 249 334)","joueuse_4":"matrix(1 0 0 1 384 168)","joueuse_5":"matrix(1 0 0 1 129 214)","ballon":"matrix(1 0 0 1 355 186)","arrow":"matrix(1 0 0 1 462 381)rotate(0)","arrow_2":"matrix(1 0 0 1 462 381)rotate(0)","arrow_3":"matrix(1 0 0 1 462 381)rotate(0)","arrow_4":"matrix(1 0 0 1 118 78)rotate(0)","arrow_5":"matrix(1 0 0 1 222 298)rotate(270)","arrow_p1":"matrix(1 0 0 1 462 420)rotate(0)","arrow_p2":"matrix(1 0 0 1 462 420)rotate(0)","arrow_p3":"matrix(1 0 0 1 462 419)rotate(0)","arrow_p4":"matrix(1 0 0 1 234 139)rotate(135)","arrow_p5":"matrix(1 0 0 1 321 194)rotate(225)","raquette":"matrix(1 0 0 1 462 460)rotate(0)","raquette_2":"matrix(1 0 0 1 462 460)rotate(0)","raquette_3":"matrix(1 0 0 1 286 115)rotate(180)","bloquer":"matrix(1 0 0 1 462 510)rotate(0)","bloquer_2":"matrix(1 0 0 1 462 510)rotate(0)","bloquer_3":"matrix(1 0 0 1 381 270)rotate(135)","drive":"matrix(1 0 0 1 462 540)rotate(0)","drive_2":"matrix(1 0 0 1 462 540)rotate(0)","drive_3":"matrix(1 0 0 1 462 540)rotate(0)","course":"matrix(1 0 0 1 462 570)rotate(0)","course_2":"matrix(1 0 0 1 462 570)rotate(0)","course_3":"matrix(1 0 0 1 462 570)rotate(0)"}}