{"schema_strategie_0":{"id":"Schema_5edf7d91ca813","titre_schema":"JCVD1","joueuse_1":"matrix(1 0 0 1 101 294)","joueuse_2":"matrix(1 0 0 1 373 107)","joueuse_3":"matrix(1 0 0 1 231 246)","joueuse_4":"matrix(1 0 0 1 158 144)","joueuse_5":"matrix(1 0 0 1 357 214)","ballon":"matrix(1 0 0 1 337 134)","arrow":"matrix(1 0 0 1 462 381)rotate(0)","arrow_2":"matrix(1 0 0 1 462 381)rotate(0)","arrow_3":"matrix(1 0 0 1 462 381)rotate(0)","arrow_4":"matrix(1 0 0 1 462 381)rotate(0)","arrow_5":"matrix(1 0 0 1 462 461)rotate(315)","arrow_p1":"matrix(1 0 0 1 462 420)rotate(0)","arrow_p2":"matrix(1 0 0 1 462 420)rotate(0)","arrow_p3":"matrix(1 0 0 1 462 420)rotate(0)","arrow_p4":"matrix(1 0 0 1 462 420)rotate(0)","arrow_p5":"matrix(1 0 0 1 462 420)rotate(0)","raquette":"matrix(1 0 0 1 462 460)rotate(0)","raquette_2":"matrix(1 0 0 1 462 460)rotate(0)","raquette_3":"matrix(1 0 0 1 462 460)rotate(0)","bloquer":"matrix(1 0 0 1 462 510)rotate(0)","bloquer_2":"matrix(1 0 0 1 462 510)rotate(0)","bloquer_3":"matrix(1 0 0 1 462 510)rotate(0)","drive":"matrix(1 0 0 1 462 540)rotate(0)","drive_2":"matrix(1 0 0 1 462 540)rotate(0)","drive_3":"matrix(1 0 0 1 462 540)rotate(0)","course":"matrix(1 0 0 1 462 570)rotate(0)","course_2":"matrix(1 0 0 1 462 570)rotate(0)","course_3":"matrix(1 0 0 1 462 570)rotate(0)"}}